<?xml version="1.0" encoding="utf-8"?>
<Tx>
 <TxHead>
  <HMSGID>P</HMSGID>
  <HERRID>V856</HERRID>
  <HSYDAY>1040715</HSYDAY>
  <HSYTIME>113701</HSYTIME>
  <HWSID>OB_Client </HWSID>
  <HSTANO>0041820</HSTANO>
  <HDTLEN>0074</HDTLEN>
  <HREQQ1/>
  <HREPQ1>MWNA00C </HREPQ1>
  <HDRVQ1>CCW00BHQ </HDRVQ1>
  <HPVDQ1>MWNA00C </HPVDQ1>
  <HPVDQ2/>
  <HSYCVD>1040715</HSYCVD>
  <HTLID>2007OB01 </HTLID>
  <HTXTID>CE6121R </HTXTID>
  <HFMTID>8990 </HFMTID>
  <HRETRN>E</HRETRN>
  <HSLGNF>1</HSLGNF>
  <HSPSCK>N0</HSPSCK>
  <HRTNCD/>
  <HSBTRF/>
  <HFILL/>
 </TxHead>
 <TxBody>
  <EMSGID>V856</EMSGID>
  <EMSGTXT>資格不符! </EMSGTXT>
 </TxBody>
</Tx> 