<?xml version="1.0" encoding="utf-8" standalone="yes"?>
<Tx>
  <FMPConnectionString>
    <SPName>TM_Client</SPName>
    <LoginID>TM_Client</LoginID>
    <Password>OycBbkVTjqTJIhUsoQGWeQ==</Password>
    <TxnId>CE6123R</TxnId>
  </FMPConnectionString>
  <TxHead>
    <HWSID>TM_Client</HWSID>
    <HSTANO>0500191</HSTANO>
    <HTLID>2007OB01</HTLID>
    <HTXTID>CE6123R</HTXTID>
    <HFMTID>0001</HFMTID>
    <HSPSCK>N0</HSPSCK>
  </TxHead>
  <TxBody>
    <Crdno>4029875900827902</Crdno>
  </TxBody>
</Tx>