<?xml version="1.0" encoding="UTF-8"?>
<Tx>
  <TxHead>
    <HMSGID>P</HMSGID>
    <HERRID>0200</HERRID>
    <HSYDAY>1050504</HSYDAY>
    <HSYTIME>161218</HSYTIME>
    <HWSID>OB_Client </HWSID>
    <HSTANO>0058338</HSTANO>
    <HDTLEN>0369</HDTLEN>
    <HREQQ1/>
    <HREPQ1>EA1PSEQ   </HREPQ1>
    <HDRVQ1>CCW00BHQ  </HDRVQ1>
    <HPVDQ1>EA1PSEQ   </HPVDQ1>
    <HPVDQ2/>
    <HSYCVD>1050504</HSYCVD>
    <HTLID>2007OB01  </HTLID>
    <HTXTID>CE6128R</HTXTID>
    <HFMTID>0001 </HFMTID>
    <HRETRN>E</HRETRN>
    <HSLGNF>1</HSLGNF>
    <HSPSCK>Y8</HSPSCK>
    <HRTNCD/>
    <HSBTRF/>
    <HFILL/>
  </TxHead>
  <TxBody>
    <EMSGID>V637</EMSGID>
    <EMSGTXT>查無信用卡資料</EMSGTXT>
  </TxBody>
</Tx>