<?xml version="1.0" encoding="UTF-8"?>
<Tx>
  <TxHead>
    <HMSGID>P</HMSGID>
    <HERRID>0000</HERRID>
    <HSYDAY>1050504</HSYDAY>
    <HSYTIME>161218</HSYTIME>
    <HWSID>OB_Client </HWSID>
    <HSTANO>0058338</HSTANO>
    <HDTLEN>0369</HDTLEN>
    <HREQQ1/>
    <HREPQ1>EA1PSEQ   </HREPQ1>
    <HDRVQ1>CCW00BHQ  </HDRVQ1>
    <HPVDQ1>EA1PSEQ   </HPVDQ1>
    <HPVDQ2/>
    <HSYCVD>1050504</HSYCVD>
    <HTLID>2007OB01  </HTLID>
    <HTXTID>CE6128R</HTXTID>
    <HFMTID>0001 </HFMTID>
    <HRETRN>E</HRETRN>
    <HSLGNF>1</HSLGNF>
    <HSPSCK>Y8</HSPSCK>
    <HRTNCD/>
    <HSBTRF/>
    <HFILL/>
  </TxHead>
  <TxBody>
    <O_CDID>S221574834 </O_CDID>
    <O_CNAM>薛薛薛薛一</O_CNAM>
    <O_KIND>INSC/XT33</O_KIND>
    <O_PONM>卡友信用貸款專案</O_PONM>
    <O_TMDY>1071231</O_TMDY>
    <O_COD2>CL3  </O_COD2>
    <O_LCD2>02 </O_LCD2>
    <O_TLR2>2883XXXXXX</O_TLR2>
    <O_TLO1>095</O_TLO1>
    <O_TLO2>5002XXXXXX</O_TLO2>
    <O_TLO3>1423</O_TLO3>
    <O_TLE0>0916XXXXXX   </O_TLE0>
    <O_MAIL>test@grandsys.com</O_MAIL>
    <O_AMT1>0000000000</O_AMT1>
    <O_AMT2>0000000090</O_AMT2>
    <O_CUST_TYPE>T</O_CUST_TYPE>
    <O_BT_FLAG>000000123</O_BT_FLAG>
    <O_RES_MODEL>3</O_RES_MODEL>
    <O_FB_PL>Y</O_FB_PL>
    <O_COM_NAME>台北市政府勞動局就業安全科    </O_COM_NAME>
    <O_COM_TITLE>聘用組員    </O_COM_TITLE>
    <O_RISK_GRADE>06</O_RISK_GRADE>
    <O_ADJ_CG>E </O_ADJ_CG>
    <O_ADJ-CGTXT/>
    <O_FC_FLAG>N</O_FC_FLAG>
    <O_FC_TYPE>A薪轉且有三年內正式財力               </O_FC_TYPE>
    <O_INCOME_CODE>04</O_INCOME_CODE>
    <O_INCOME_NEW>0000000552</O_INCOME_NEW>
    <O_UNSECDEBT>000000000000596</O_UNSECDEBT>
    <O_RATE_A>010610</O_RATE_A>
    <O_RATE_C>011990</O_RATE_C>
    <O_SU_FEE>0008000</O_SU_FEE>
    <O_ADRCD2>140</O_ADRCD2>
    <O_ADRES2>重慶北路一段111號</O_ADRES2>
    <O_DSBLDY>2016-12-31</O_DSBLDY>
    <O_INAMT2>21</O_INAMT2>
    <O_INAMT1>13</O_INAMT1>
    <O_AGE>30</O_AGE>
    <O_SEX>1</O_SEX>
  </TxBody>
</Tx>