<?xml version="1.0" encoding="utf-8"?>
<Tx>
	<TxHead>
		<HMSGID>P</HMSGID>
		<HERRID>0000</HERRID>
		<HSYDAY>1030806</HSYDAY>
		<HSYTIME>152212</HSYTIME>
		<HWSID>OB_Client </HWSID>
		<HSTANO>0500191</HSTANO>
		<HDTLEN>0088</HDTLEN>
		<HREQQ1>
		</HREQQ1>
		<HREPQ1>MWNA00C   </HREPQ1>
		<HDRVQ1>CCW00BHQ  </HDRVQ1>
		<HPVDQ1>MWNA00C   </HPVDQ1>
		<HPVDQ2>
		</HPVDQ2>
		<HSYCVD>1030805</HSYCVD>
		<HTLID>2007OB01  </HTLID>
		<HTXTID>CE6123R   </HTXTID>
		<HFMTID>0001 </HFMTID>
		<HRETRN>E</HRETRN>
		<HSLGNF>1</HSLGNF>
		<HSPSCK>N0</HSPSCK>
		<HRTNCD>
		</HRTNCD>
		<HSBTRF>
		</HSBTRF>
		<HFILL>
		</HFILL>
	</TxHead>
	<TxBody>
		<Crdsw>HA  </Crdsw>
		卡類
		<Crdcde>2</Crdcde>
		卡片狀態 0:正常 7:補發中 1:申停 2:掛停 3:強停 4:其他 5:偽卡 8:到期
		<Cdopc1>N</Cdopc1>
		開卡註記 Y/N 無需開卡/未開卡
		<Feeflag>Y</Feeflag>
		是否收取年費 Y/N
		<Feeymb>09107</Feeymb>
		年費週期(起月)
		<Feeyme>09206</Feeyme>
		年費週期(迄月)
		<Pchamt>000000000</Pchamt>
		消費金額
		<Pchcnt>00000</Pchcnt>
		消費次數
		<Pchamt_1>000002400</Pchamt_1>
		應補消費金額
		<Pchant_1>00000</Pchant_1>
		應補消費次數
		<Stfflag>N</Stfflag>
		行員註記 Y/N
		<Sysflag>
		</Sysflag>
		理財註記 PA/P1/VP
		<Extflag>N</Extflag>
		免年費註記 Y/N
		<Accflag>N</Accflag>
		自扣註記 Y/N
		<Dlqflag>
		</Dlqflag>
		逾期狀態
		<Badflag>
		</Badflag>
		黑名單類別 BC/BF/BK/LN/BD/BS/BH
		<Lksflag>
		</Lksflag>
		授信控管碼 L/T/N/W
		<Abend>E002</Abend>
		ABEND 預設:0000 E001:非正卡人 E002:歸戶無正常卡 E003:卡狀態不正常 E004:逾期>M1 E005:黑名單 E006:協議戶 E007:卡片設控 E008:授信控管戶 E009:設控鎖額 E010:外國人 E011:天使卡，不適用

		<Card_level>
		</Card_level>
		最高卡種
		<Accid_Pchamt>000000000</Accid_Pchamt>
		歸戶消費金額
		<Accid_Pchcnt>00000</Accid_Pchcnt>
		歸戶消費次數
		<Accid_Pchamt_1>000036000</Accid_Pchamt_1>
		歸戶應補消費金額
		<Accid_Pchant_1>00000</Accid_Pchant_1>
		歸戶應補消費次數
	</TxBody>
</Tx>