<?xml version="1.0" encoding="UTF-8"?>
 
<Tx>
	<TxHead>
		<HMSGID>P</HMSGID>
		<HERRID>0000</HERRID>
		<HSYDAY>1070208</HSYDAY>
		<HSYTIME>101849</HSYTIME>
		<HWSID>TM_Client</HWSID>
		<HSTANO>7420074</HSTANO>
		<HDTLEN>0112</HDTLEN>
		<HREQQ1></HREQQ1>
		<HREPQ1>EA1PSEQ</HREPQ1>
		<HDRVQ1>CCRTMBQ</HDRVQ1>
		<HPVDQ1>EA1PSEQ</HPVDQ1>
		<HPVDQ2></HPVDQ2>
		<HSYCVD>1070207</HSYCVD>
		<HTLID>2007OB01</HTLID>
		<HTXTID>CE6220R</HTXTID>
		<HFMTID>0101</HFMTID>
		<HRETRN>E</HRETRN>
		<HSLGNF>1</HSLGNF>
		<HSPSCK>N0</HSPSCK>
		<HRTNCD></HRTNCD>
		<HSBTRF></HSBTRF>
		<HFILL></HFILL>
	</TxHead>
	<TxBody>
		<CARD_NO></CARD_NO>
		<TYPE></TYPE>
		<CARD_HOLD_ID></CARD_HOLD_ID>
		<CARD_HOLD_NAME></CARD_HOLD_NAME>
		<ACCOUNT_ID></ACCOUNT_ID>
		<CARD_TYPE></CARD_TYPE>
		<AUTHORIZE_BLOCK_CODE></AUTHORIZE_BLOCK_CODE>
		<CARD_TYPE2></CARD_TYPE2>
		<CARD_ACTIVE_CODE></CARD_ACTIVE_CODE>
		<CARD_EXPIRED></CARD_EXPIRED>
		<CARD_STATUS></CARD_STATUS>
		<LAST_ACCICENT_DAY></LAST_ACCICENT_DAY>
		<CREATE_DAY></CREATE_DAY>
		<ISSUE_DAY></ISSUE_DAY>
		<RETURN_MAIL_CODE></RETURN_MAIL_CODE>
		<BLACK_LIST></BLACK_LIST>
		<LAST_AADDR_CHANGED_DATE></LAST_AADDR_CHANGED_DATE>
		<CARD_HOLD_STS>2</CARD_HOLD_STS>
		<CARD_CUT_DAY>1050801</CARD_CUT_DAY>
		<TMSTS_FLAG></TMSTS_FLAG>
		<BLACK_LIST_REISSUE></BLACK_LIST_REISSUE>
		<EXPIRE_MONTH></EXPIRE_MONTH>
	</TxBody>
</Tx>
