<?xml version="1.0" encoding="UTF-8"?>
<Tx xmlns:eai="http://www.ibm.com.tw/mf/eai" xmlns:xsi="http://www.w3.org/2001/XMLSchema-instance" txid="CEW220R" encoding="UTF-8" fontremapping="OFF">
  <FMPConnectionString>
    <SPName>TM_Client</SPName>
    <LoginID>TM_Client</LoginID>
    <Password>OycBbkVTjqTJIhUsoQGWeQ==</Password>
    <TxnId>CEW220R</TxnId>
  </FMPConnectionString>
  <TxHead>
    <HWSID>TM_Client</HWSID>
    <HSTANO>6188263</HSTANO>
    <HTLID>2007OB01</HTLID>
    <HTXTID>CEW220R</HTXTID>
    <HFMTID>0001</HFMTID>
    <TXMSRN/>
  </TxHead>
  <TxBody xmlns:eb="http://www.ibm.com.tw/mf/eb" xsi:type="eb:CEW220RSvcRqType">
    <Txtype>CONS</Txtype>
    <Txamt>4720</Txamt>
    <Txstge>3</Txstge>
    <NCBPCHD>1051002</NCBPCHD>
    <TXACID>A1xxxxxxx8</TXACID>
  </TxBody>
</Tx>
