<?xml version="1.0" encoding="UTF-8"?>

<Tx>
	<TxHead>
		<HMSGID>P</HMSGID>
		<HERRID>0000</HERRID>
		<HSYDAY>1070713</HSYDAY>
		<HSYTIME>180012</HSYTIME>
		<HWSID>MOBBANK</HWSID>
		<HSTANO>7680268</HSTANO>
		<HDTLEN>0014</HDTLEN>
		<HREQQ1/>
		<HREPQ1>EA8PSEQ</HREPQ1>
		<HDRVQ1>CCW00BHQ</HDRVQ1>
		<HPVDQ1>EA8PSEQ</HPVDQ1>
		<HPVDQ2/>
		<HSYCVD>1070713</HSYCVD>
		<HTLID>028WEB</HTLID>
		<HTXTID>CEW301R</HTXTID>
		<HFMTID>0001</HFMTID>
		<HRETRN>E</HRETRN>
		<HSLGNF>1</HSLGNF>
		<HSPSCK>Y8</HSPSCK>
		<HRTNCD/>
		<HSBTRF/>
		<HFILL/>
	</TxHead>
	<TxBody>
		<ACCOUNT_ID>A22XXXXXX9</ACCOUNT_ID>
		<ACCOUNT_STS_CODE>N</ACCOUNT_STS_CODE>
		<CARDHOLDER_CODE>Y</CARDHOLDER_CODE>
		<VNNORO>O</VNNORO>
	</TxBody>
</Tx>
