<?xml version="1.0" encoding="utf-8" standalone="yes" ?>
<Tx>
  <FMPConnectionString>
    <SPName>TM_Client</SPName>
    <LoginID>TM_Client</LoginID>
    <Password>OycBbkVTjqTJIhUsoQGWeQ==</Password>
    <TxnId>CEW432R</TxnId>
  </FMPConnectionString>
  <TxHead>
    <HWSID>TM_Client</HWSID>
    <HSTANO>0500192</HSTANO>
    <HTLID>2007OB01</HTLID>
    <HTXTID>CEW432R</HTXTID>
    <HFMTID>0001</HFMTID>
    <HSPSCK>N0</HSPSCK>
  </TxHead>
  <TxBody>
    <CUSID></CUSID>
    <QTYPE>AOE</QTYPE>
    <TYPE>1</TYPE>
    <QRYRNG>4</QRYRNG>
  </TxBody>
</Tx>
