<?xml version="1.0" encoding="utf-8"?>
<Tx>
	<TxHead>
		<HMSGID>P</HMSGID>
		<HERRID>0000</HERRID>
		<HSYDAY>1030806</HSYDAY>
		<HSYTIME>144912</HSYTIME>
		<HWSID>OB_Client</HWSID>
		<HSTANO>0500191</HSTANO>
		<HDTLEN>0013</HDTLEN>
		<HREQQ1></HREQQ1>
		<HREPQ1></HREPQ1>
		<HDRVQ1></HDRVQ1>
		<HPVDQ1></HPVDQ1>
		<HPVDQ2></HPVDQ2>
		<HSYCVD>1030806</HSYCVD>
		<HTLID>2007OB01  </HTLID>
		<HTXTID>CEW432RBP</HTXTID>
		<HFMTID>0001 </HFMTID>
		<HRETRN>E</HRETRN>
		<HSLGNF></HSLGNF>
		<HSPSCK>N0</HSPSCK>
		<HRTNCD></HRTNCD>
		<HSBTRF></HSBTRF>
		<HFILL></HFILL>
	</TxHead>

	<TxBody>
		<CUST_NO>A122198662 </CUST_NO>
		<PB_CLS_FLG>N</PB_CLS_FLG>
		<BY_CLS_FLG>N</BY_CLS_FLG>
		<B1_CLS_FLG></B1_CLS_FLG>
		<BO_CLS_FLG></BO_CLS_FLG>
		<BW_CLS_FLG></BW_CLS_FLG>
		<NO_TM_FLG>Y</NO_TM_FLG>
		<HTXTID>LM052671</HTXTID>
	</TxBody>

	<TxBody>
		<CARD_NO>5409458901887501</CARD_NO>
		<TYPE>1</TYPE>
		<CARD_HOLD_ID>A122198662 </CARD_HOLD_ID>
		<CARD_HOLD_NAME>王ＸＸＸＸ  </CARD_HOLD_NAME>
		<ACCOUNT_ID>A122198662      </ACCOUNT_ID>
		<CARD_TYPE>HA  </CARD_TYPE>
		<AUTHORIZE_BLOCK_CODE></AUTHORIZE_BLOCK_CODE>
		<CARD_TYPE2>MGM</CARD_TYPE2>
		<CARD_ACTIVE_CODE>Y</CARD_ACTIVE_CODE>
		<CARD_EXPIRED>0606</CARD_EXPIRED>
		<CARD_STATUS>1</CARD_STATUS>
		<LAST_ACCICENT_DAY>0911218</LAST_ACCICENT_DAY>
		<CREATE_DAY>0890630</CREATE_DAY>
		<ISSUE_DAY>0890629</ISSUE_DAY>
		<RETURN_MAIL_CODE></RETURN_MAIL_CODE>
		<BLACK_LIST>N</BLACK_LIST>
		<LAST_AADDR_CHANGED_DATE>0000000</LAST_AADDR_CHANGED_DATE>
		<CARD_HOLD_STS></CARD_HOLD_STS>
		<CARD_CUT_DAY></CARD_CUT_DAY>
		<TMSTS_FLAG></TMSTS_FLAG>
		<BLACK_LIST_REISSUE>N</BLACK_LIST_REISSUE>
		<HTXTID>CE6220R</HTXTID>
	</TxBody>

	<TxBody>
		<CARD_NO>5433779622892409</CARD_NO>
		<TYPE>1</TYPE>
		<CARD_HOLD_ID>A122198662 </CARD_HOLD_ID>
		<CARD_HOLD_NAME>王ＸＸＸＸ  </CARD_HOLD_NAME>
		<ACCOUNT_ID>A122198662      </ACCOUNT_ID>
		<CARD_TYPE>K8  </CARD_TYPE>
		<AUTHORIZE_BLOCK_CODE></AUTHORIZE_BLOCK_CODE>
		<CARD_TYPE2>MCM</CARD_TYPE2>
		<CARD_ACTIVE_CODE>N</CARD_ACTIVE_CODE>
		<CARD_EXPIRED>0515</CARD_EXPIRED>
		<CARD_STATUS>1</CARD_STATUS>
		<LAST_ACCICENT_DAY>1000104</LAST_ACCICENT_DAY>
		<CREATE_DAY>0990513</CREATE_DAY>
		<ISSUE_DAY>0990513</ISSUE_DAY>
		<RETURN_MAIL_CODE></RETURN_MAIL_CODE>
		<BLACK_LIST>N</BLACK_LIST>
		<LAST_AADDR_CHANGED_DATE>0000000</LAST_AADDR_CHANGED_DATE>
		<CARD_HOLD_STS></CARD_HOLD_STS>
		<CARD_CUT_DAY></CARD_CUT_DAY>
		<TMSTS_FLAG></TMSTS_FLAG>
		<BLACK_LIST_REISSUE>N</BLACK_LIST_REISSUE>
		<HTXTID>CE6220R</HTXTID>
	</TxBody>

	<TxBody>
		<CARD_NO>5520465505339205</CARD_NO>
		<TYPE>1</TYPE>
		<CARD_HOLD_ID>A122198662 </CARD_HOLD_ID>
		<CARD_HOLD_NAME>王ＸＸＸＸ  </CARD_HOLD_NAME>
		<ACCOUNT_ID>A122198662      </ACCOUNT_ID>
		<CARD_TYPE>2015</CARD_TYPE>
		<AUTHORIZE_BLOCK_CODE></AUTHORIZE_BLOCK_CODE>
		<CARD_TYPE2>MPM</CARD_TYPE2>
		<CARD_ACTIVE_CODE>Y</CARD_ACTIVE_CODE>
		<CARD_EXPIRED>0812</CARD_EXPIRED>
		<CARD_STATUS>8</CARD_STATUS>
		<LAST_ACCICENT_DAY>0000000</LAST_ACCICENT_DAY>
		<CREATE_DAY>0980825</CREATE_DAY>
		<ISSUE_DAY>0980825</ISSUE_DAY>
		<RETURN_MAIL_CODE></RETURN_MAIL_CODE>
		<BLACK_LIST>N</BLACK_LIST>
		<LAST_AADDR_CHANGED_DATE>0000000</LAST_AADDR_CHANGED_DATE>
		<CARD_HOLD_STS></CARD_HOLD_STS>
		<CARD_CUT_DAY></CARD_CUT_DAY>
		<TMSTS_FLAG></TMSTS_FLAG>
		<BLACK_LIST_REISSUE>N</BLACK_LIST_REISSUE>
		<HTXTID>CE6220R</HTXTID>
	</TxBody>
	<TxBody>
		<HTXTID>CE6220R</HTXTID>
	</TxBody>

	<TxBody>
		<CUSID>A122198662 </CUSID>
		<QRYRNG>4 </QRYRNG>
		<ELNFLG>N</ELNFLG>
		<HTXTID>CEW433R</HTXTID>
	</TxBody>

</Tx>


