<Tx>
	<TxHead>
		<HMSGID>P</HMSGID>
		<HERRID>0000</HERRID>
		<HSYDAY>1040518</HSYDAY>
		<HSYTIME>115325</HSYTIME>
		<HWSID>OB_Client </HWSID>
		<HSTANO>1153275</HSTANO>
		<HDTLEN>0014</HDTLEN>
		<HREQQ1>
		</HREQQ1>
		<HREPQ1>
		</HREPQ1>
		<HDRVQ1>
		</HDRVQ1>
		<HPVDQ1>
		</HPVDQ1>
		<HPVDQ2>
		</HPVDQ2>
		<HSYCVD>1040518</HSYCVD>
		<HTLID>2007OB01  </HTLID>
		<HTXTID>CEW432R   </HTXTID>
		<HFMTID>0001 </HFMTID>
		<HRETRN>E</HRETRN>
		<HSLGNF>
		</HSLGNF>
		<HSPSCK>N0</HSPSCK>
		<HRTNCD>
		</HRTNCD>
		<HSBTRF>
		</HSBTRF>
		<HFILL>
		</HFILL>
	</TxHead>
	<TxBody>
		<ACRDSTS>Y</ACRDSTS>
		<ANTMFLG>Y</ANTMFLG>
		<OSAVFLG>E</OSAVFLG>
		<OCDTFLG>E</OCDTFLG>
		<OMRGFLG>E</OMRGFLG>
		<OSABFLG>E</OSABFLG>
		<OSTDFLG>E</OSTDFLG>
		<ONTMFLG>Y</ONTMFLG>
		<EINCASE>N</EINCASE>
		<ABNCDE>0000</ABNCDE>
	</TxBody>
</Tx>