<?xml version="1.0" encoding="UTF-8"?>

<Tx>
  <TxHead>
    <HMSGID>P</HMSGID>
    <HERRID>0000</HERRID>
    <HSYDAY>1050920</HSYDAY>
    <HSYTIME>121503</HSYTIME>
    <HWSID>OB_Client</HWSID>
    <HSTANO>3896249</HSTANO>
    <HDTLEN>0014</HDTLEN>
    <HREQQ1/>
    <HREPQ1/>
    <HDRVQ1/>
    <HPVDQ1/>
    <HPVDQ2/>
    <HSYCVD>1050920</HSYCVD>
    <HTLID>2007OB01</HTLID>
    <HTXTID>CEW432R</HTXTID>
    <HFMTID>0001</HFMTID>
    <HRETRN>E</HRETRN>
    <HSLGNF/>
    <HSPSCK>N0</HSPSCK>
    <HRTNCD/>
    <HSBTRF/>
    <HFILL/>
  </TxHead>
  <TxBody>
    <ACRDSTS>Y</ACRDSTS>
    <ANTMFLG>N</ANTMFLG>
    <OSAVFLG>E</OSAVFLG>
    <OCDTFLG>E</OCDTFLG>
    <OMRGFLG>E</OMRGFLG>
    <OSABFLG>E</OSABFLG>
    <OSTDFLG>E</OSTDFLG>
    <ONTMFLG>E</ONTMFLG>
    <EINCASE>N</EINCASE>
    <ABNCDE>0000</ABNCDE>
  </TxBody>
</Tx>
