<?xml version="1.0" encoding="UTF-8"?>
 
<Tx>
	<TxHead>
		<HMSGID>P</HMSGID>
		<HERRID>0000</HERRID>
		<HSYDAY>1070208</HSYDAY>
		<HSYTIME>094523</HSYTIME>
		<HWSID>TM_Client</HWSID>
		<HSTANO>7417412</HSTANO>
		<HDTLEN>0017</HDTLEN>
		<HREQQ1></HREQQ1>
		<HREPQ1></HREPQ1>
		<HDRVQ1></HDRVQ1>
		<HPVDQ1></HPVDQ1>
		<HPVDQ2>0001</HPVDQ2>
		<HSYCVD>1070208</HSYCVD>
		<HTLID>8704181</HTLID>
		<HTXTID>LM052671</HTXTID>
		<HFMTID>D001</HFMTID>
		<HRETRN>E</HRETRN>
		<HSLGNF></HSLGNF>
		<HSPSCK>00</HSPSCK>
		<HRTNCD></HRTNCD>
		<HSBTRF></HSBTRF>
		<HFILL></HFILL>  
	</TxHead>
	<TxBody>
		<CUST_NO/>
		<PB_CLS_FLG/>
		<BY_CLS_FLG/>
		<B1_CLS_FLG/>
		<BO_CLS_FLG/>
		<BW_CLS_FLG/>
		<NO_TM_FLG/>
	</TxBody>
</Tx>
